bmi,charges
27.9,16884.924
33.77,1725.5523
33.0,4449.462
22.705,21984.47061
28.88,3866.8552
25.3,3756.6216
30.5,8240.5896
27.6,7281.5056
29.83,6406.4107
27.5,28923.13692
