bmi,charges
27.9,16884.924
33.77,1725.5523
33.0,4449.462
22.705,21984.47061
28.88,3866.8552
25.3,3756.6216
30.5,8240.5896
27.6,7281.5056
29.83,6406.4107
27.5,28923.13692
31.2,12000.345
24.7,4100.230
26.9,7000.123
28.3,15000.456
30.0,18000.789
32.1,19500.123
21.5,2500.567
23.9,3000.789
29.5,8500.456
26.2,6300.234